{
    "type": "minecraft:entity",
    "pools": [
        
      {
        "rolls": 1,
        "entries": [
          {
            "type": "minecraft:item",
            "weight": 10,
            "name": "minecraft:air"
          },
          {
            "type": "minecraft:item",
            "weight": 10,
            "name": "minecraft:stone_sword",
            "conditions": [
              
              {
                "condition": "minecraft:reference",
                "name": "1_splatus:weapons_achieveable"
              }
            ],
            "functions": [
              {
                "function": "minecraft:set_nbt",
                "tag": "{CustomModelData:47006,CursedSeaBlade:1,Unbreakable:1b,Enchantments:[{id:\"sharpness\",lvl:1s}],display:{Name:'{\"translate\":\"Cursed Sea Blade\",\"color\":\"#71ebc6\",\"italic\":false}',Lore:['{\"translate\":\"Curse of Fish I\",\"color\":\"gray\",\"italic\":false}','{\"translate\":\"Spellbound Weapons\",\"color\":\"#676e75\",\"italic\": true}']},SpellboundItem:1}"
              }
            ]
          }
        ]
      },
      {
        "rolls": 1,
        "bonus_rolls": 0,
        "entries": [
          {
            "type": "minecraft:item",
            "name": "minecraft:prismarine_shard",
            "functions": [
              {
                "function": "minecraft:set_count",
                "count": {
                  "type": "minecraft:uniform",
                  "min": 0,
                  "max": 2
                },
                "add": false
              },
              {
                "function": "minecraft:looting_enchant",
                "count": {
                  "type": "minecraft:uniform",
                  "min": 0,
                  "max": 1
                }
              }
            ]
          }
        ]
      },
      {
        "rolls": 1,
        "bonus_rolls": 0,
        "entries": [
          {
            "type": "minecraft:item",
            "weight": 3,
            "name": "minecraft:cod",
            "functions": [
              {
                "function": "minecraft:looting_enchant",
                "count": {
                  "type": "minecraft:uniform",
                  "min": 0,
                  "max": 1
                }
              },
              {
                "function": "minecraft:furnace_smelt",
                "conditions": [
                  {
                    "condition": "minecraft:entity_properties",
                    "entity": "this",
                    "predicate": {
                      "flags": {
                        "is_on_fire": true
                      }
                    }
                  }
                ]
              }
            ]
          },
          {
            "type": "minecraft:item",
            "weight": 2,
            "name": "minecraft:prismarine_crystals",
            "functions": [
              {
                "function": "minecraft:looting_enchant",
                "count": {
                  "type": "minecraft:uniform",
                  "min": 0,
                  "max": 1
                }
              }
            ]
          },
          {
            "type": "minecraft:empty"
          }
        ]
      },
      {
        "rolls": 1,
        "bonus_rolls": 0,
        "entries": [
          {
            "type": "minecraft:item",
            "name": "minecraft:wet_sponge"
          }
        ],
        "conditions": [
          {
            "condition": "minecraft:killed_by_player"
          }
        ]
      },
      {
        "rolls": 1,
        "bonus_rolls": 0,
        "entries": [
          {
            "type": "minecraft:loot_table",
            "name": "minecraft:gameplay/fishing/fish",
            "functions": [
              {
                "function": "minecraft:furnace_smelt",
                "conditions": [
                  {
                    "condition": "minecraft:entity_properties",
                    "entity": "this",
                    "predicate": {
                      "flags": {
                        "is_on_fire": true
                      }
                    }
                  }
                ]
              }
            ]
          }
        ],
        "conditions": [
          {
            "condition": "minecraft:killed_by_player"
          },
          {
            "condition": "minecraft:random_chance_with_looting",
            "chance": 0.025,
            "looting_multiplier": 0.01
          }
        ]
      }
    ]
  }
  