{
    "type": "minecraft:entity",
    "pools": [
        
        {
            "rolls": 1,
            "entries": [
                {
                    "type": "minecraft:item",
                    "weight": 20,
                    "name": "minecraft:air"
                  },
              
              {
                
                "type": "minecraft:item",
                "weight": 10,
                "name": "minecraft:iron_sword",
                "functions": [
                  {
                    "function": "minecraft:set_nbt",
                    "tag": "{CustomModelData:47020,display:{Name:'{\"translate\":\"Evokers Wrath\",\"color\":\"#cbcfa9\",\"italic\":false}',Lore:['{\"translate\":\"Spellbound Weapons\",\"color\":\"#676e75\",\"italic\": true}']},Enchantments:[{id:\"minecraft:unbreaking\",lvl:2s}],SpellboundEvokersWrath:1,SpellboundItem:1}"
                  }
                ]
              }
              
            ]
          
          },
      {
        "rolls": 1,
        "bonus_rolls": 0,
        "entries": [
          {
            "type": "minecraft:item",
            "name": "minecraft:totem_of_undying"
          }
        ]
      },
      {
        "rolls": 1,
        "bonus_rolls": 0,
        "entries": [
          {
            "type": "minecraft:item",
            "name": "minecraft:emerald",
            "functions": [
              {
                "function": "minecraft:set_count",
                "count": {
                  "type": "minecraft:uniform",
                  "min": 0,
                  "max": 1
                },
                "add": false
              },
              {
                "function": "minecraft:looting_enchant",
                "count": {
                  "type": "minecraft:uniform",
                  "min": 0,
                  "max": 1
                }
              }
            ]
          }
        ],
        "conditions": [
          {
            "condition": "minecraft:killed_by_player"
          }
        ]
      }
    ]
  }
  