{
  "criteria": {
    "get_astralpotion": {
      "trigger": "minecraft:inventory_changed",
      "conditions": {
        "items": [
          {
            "items": [
              "minecraft:potion"
            ],
            "nbt": "{CustomPotionColor:8421570,display:{Name:'[{\"text\":\"Potion of Astral Form\",\"italic\":false,\"color\":\"light_purple\"}]'},CustomPotionEffects:[{Id:14,Duration:600,Amplifier:1}]}"
          }
        ]
      }
    }
  },
  "rewards": {
    "function": "equipment:weapons/astral/get"
  }
}
