{
  "criteria": {
    "get_burningrod": {
      "trigger": "minecraft:inventory_changed",
      "conditions": {
        "items": [
          {
            "items": [
              "minecraft:blaze_rod"
            ],
            "enchantments": [
              {
                "enchantment": "minecraft:fire_aspect",
                "levels": 10
              }
            ]
          }
        ]
      }
    }
  },
  "rewards": {
    "function": "equipment:weapons/blazesword/get"
  }
}
