{
  "criteria": {
    "hit_blazesword": {
      "trigger": "minecraft:player_hurt_entity",
      "conditions": {
        "damage": {
          "type": {
            "direct_entity": {
              "equipment": {
                "mainhand":{
                  "enchantments": [
                    {
                      "enchantment": "minecraft:fire_aspect",
                      "levels": 10
                    }
                  ]
                }
              }
            }
          }
        }
      }
    }
  },
  "rewards": {
    "function": "equipment:weapons/blazesword/hit"
  }
}
