{
  "criteria": {
    "shot_piglinkingsbow": {
      "trigger": "minecraft:shot_crossbow",
      "conditions": {
        "item": {
          "items": [
            "minecraft:crossbow"
          ],
          "enchantments": [
            {
              "enchantment": "minecraft:flame",
              "levels": 1
            }
          ],
          "nbt": "{piglinkingscrossbow:1b}"
        }
      }
    }
  },
  "requirements": [
    [
      "shot_piglinkingsbow"
    ]
  ],
  "rewards": {
    "function": "equipment:weapons/piglinkingsbow/fire"
  }
}
