{
    "type": "minecraft:chest",
    "pools": [
      {
        "rolls": 1,
        "entries": [
          {
            "type": "minecraft:item",
            "weight": 40,
            "name": "minecraft:air"
          },
          {
            "type": "minecraft:item",
            "weight": 10,
            "name": "minecraft:diamond_sword",
            "conditions": [
              
              {
                "condition": "minecraft:reference",
                "name": "1_splatus:weapons_achieveable"
              }
            ],
            "functions": [
              {
                "function": "minecraft:set_nbt",
                "tag": "{CustomModelData:47001,EndExcalibur:1,Enchantments:[{id:\"sharpness\",lvl:2s}],display:{Name:'{\"translate\":\"End Excalibur\",\"color\":\"light_purple\",\"italic\":false}',Lore:['{\"translate\":\"Spellbound Weapons\",\"color\":\"#676e75\",\"italic\": true}']},SpellboundItem:1}"
              }
            ]
          },
          
          {
            "type": "minecraft:item",
            "weight": 10,
            "name": "minecraft:bow",
            "conditions": [
              
              {
                "condition": "minecraft:reference",
                "name": "1_splatus:weapons_achieveable"
              }
            ],
            "functions": [
              {
                "function": "minecraft:set_nbt",
                "tag": "{CustomModelData:47031,display:{Name:'{\"translate\":\"Endlight Bow\",\"color\":\"#eeffb8\",\"italic\":false}',Lore:['{\"translate\":\"Spellbound Weapons\",\"color\":\"#676e75\",\"italic\": true}']},SpellboundEndlight:1,Enchantments:[{id:\"unbreaking\",lvl:2}],SpellboundItem:1}"
              }
            ]
          }
        ]
      },
      {
        "rolls": {
          "type": "minecraft:uniform",
          "min": 2,
          "max": 6
        },
        "bonus_rolls": 0,
        "entries": [
          {
            "type": "minecraft:item",
            "weight": 5,
            "name": "minecraft:diamond",
            "functions": [
              {
                "function": "minecraft:set_count",
                "count": {
                  "type": "minecraft:uniform",
                  "min": 2,
                  "max": 7
                },
                "add": false
              }
            ]
          },
          {
            "type": "minecraft:item",
            "weight": 10,
            "name": "minecraft:iron_ingot",
            "functions": [
              {
                "function": "minecraft:set_count",
                "count": {
                  "type": "minecraft:uniform",
                  "min": 4,
                  "max": 8
                },
                "add": false
              }
            ]
          },
          {
            "type": "minecraft:item",
            "weight": 15,
            "name": "minecraft:gold_ingot",
            "functions": [
              {
                "function": "minecraft:set_count",
                "count": {
                  "type": "minecraft:uniform",
                  "min": 2,
                  "max": 7
                },
                "add": false
              }
            ]
          },
          {
            "type": "minecraft:item",
            "weight": 2,
            "name": "minecraft:emerald",
            "functions": [
              {
                "function": "minecraft:set_count",
                "count": {
                  "type": "minecraft:uniform",
                  "min": 2,
                  "max": 6
                },
                "add": false
              }
            ]
          },
          {
            "type": "minecraft:item",
            "weight": 5,
            "name": "minecraft:beetroot_seeds",
            "functions": [
              {
                "function": "minecraft:set_count",
                "count": {
                  "type": "minecraft:uniform",
                  "min": 1,
                  "max": 10
                },
                "add": false
              }
            ]
          },
          {
            "type": "minecraft:item",
            "weight": 3,
            "name": "minecraft:saddle"
          },
          {
            "type": "minecraft:item",
            "name": "minecraft:iron_horse_armor"
          },
          {
            "type": "minecraft:item",
            "name": "minecraft:golden_horse_armor"
          },
          {
            "type": "minecraft:item",
            "name": "minecraft:diamond_horse_armor"
          },
          {
            "type": "minecraft:item",
            "weight": 3,
            "name": "minecraft:diamond_sword",
            "functions": [
              {
                "function": "minecraft:enchant_with_levels",
                "levels": {
                  "type": "minecraft:uniform",
                  "min": 20,
                  "max": 39
                },
                "treasure": true
              }
            ]
          },
          {
            "type": "minecraft:item",
            "weight": 3,
            "name": "minecraft:diamond_boots",
            "functions": [
              {
                "function": "minecraft:enchant_with_levels",
                "levels": {
                  "type": "minecraft:uniform",
                  "min": 20,
                  "max": 39
                },
                "treasure": true
              }
            ]
          },
          {
            "type": "minecraft:item",
            "weight": 3,
            "name": "minecraft:diamond_chestplate",
            "functions": [
              {
                "function": "minecraft:enchant_with_levels",
                "levels": {
                  "type": "minecraft:uniform",
                  "min": 20,
                  "max": 39
                },
                "treasure": true
              }
            ]
          },
          {
            "type": "minecraft:item",
            "weight": 3,
            "name": "minecraft:diamond_leggings",
            "functions": [
              {
                "function": "minecraft:enchant_with_levels",
                "levels": {
                  "type": "minecraft:uniform",
                  "min": 20,
                  "max": 39
                },
                "treasure": true
              }
            ]
          },
          {
            "type": "minecraft:item",
            "weight": 3,
            "name": "minecraft:diamond_helmet",
            "functions": [
              {
                "function": "minecraft:enchant_with_levels",
                "levels": {
                  "type": "minecraft:uniform",
                  "min": 20,
                  "max": 39
                },
                "treasure": true
              }
            ]
          },
          {
            "type": "minecraft:item",
            "weight": 3,
            "name": "minecraft:diamond_pickaxe",
            "functions": [
              {
                "function": "minecraft:enchant_with_levels",
                "levels": {
                  "type": "minecraft:uniform",
                  "min": 20,
                  "max": 39
                },
                "treasure": true
              }
            ]
          },
          {
            "type": "minecraft:item",
            "weight": 3,
            "name": "minecraft:diamond_shovel",
            "functions": [
              {
                "function": "minecraft:enchant_with_levels",
                "levels": {
                  "type": "minecraft:uniform",
                  "min": 20,
                  "max": 39
                },
                "treasure": true
              }
            ]
          },
          {
            "type": "minecraft:item",
            "weight": 3,
            "name": "minecraft:iron_sword",
            "functions": [
              {
                "function": "minecraft:enchant_with_levels",
                "levels": {
                  "type": "minecraft:uniform",
                  "min": 20,
                  "max": 39
                },
                "treasure": true
              }
            ]
          },
          {
            "type": "minecraft:item",
            "weight": 3,
            "name": "minecraft:iron_boots",
            "functions": [
              {
                "function": "minecraft:enchant_with_levels",
                "levels": {
                  "type": "minecraft:uniform",
                  "min": 20,
                  "max": 39
                },
                "treasure": true
              }
            ]
          },
          {
            "type": "minecraft:item",
            "weight": 3,
            "name": "minecraft:iron_chestplate",
            "functions": [
              {
                "function": "minecraft:enchant_with_levels",
                "levels": {
                  "type": "minecraft:uniform",
                  "min": 20,
                  "max": 39
                },
                "treasure": true
              }
            ]
          },
          {
            "type": "minecraft:item",
            "weight": 3,
            "name": "minecraft:iron_leggings",
            "functions": [
              {
                "function": "minecraft:enchant_with_levels",
                "levels": {
                  "type": "minecraft:uniform",
                  "min": 20,
                  "max": 39
                },
                "treasure": true
              }
            ]
          },
          {
            "type": "minecraft:item",
            "weight": 3,
            "name": "minecraft:iron_helmet",
            "functions": [
              {
                "function": "minecraft:enchant_with_levels",
                "levels": {
                  "type": "minecraft:uniform",
                  "min": 20,
                  "max": 39
                },
                "treasure": true
              }
            ]
          },
          {
            "type": "minecraft:item",
            "weight": 3,
            "name": "minecraft:iron_pickaxe",
            "functions": [
              {
                "function": "minecraft:enchant_with_levels",
                "levels": {
                  "type": "minecraft:uniform",
                  "min": 20,
                  "max": 39
                },
                "treasure": true
              }
            ]
          },
          {
            "type": "minecraft:item",
            "weight": 3,
            "name": "minecraft:iron_shovel",
            "functions": [
              {
                "function": "minecraft:enchant_with_levels",
                "levels": {
                  "type": "minecraft:uniform",
                  "min": 20,
                  "max": 39
                },
                "treasure": true
              }
            ]
          }
        ]
      }
    ]
  }
  