{
    "type": "minecraft:chest",
    "pools": [
      {
        "rolls": 1,
        "entries": [
          {
            "type": "minecraft:item",
            "weight": 90,
            "name": "minecraft:air"
          },
          {
            "type": "minecraft:item",
            "weight": 10,
            "name": "minecraft:blaze_rod",
            "conditions": [
              
              {
                "condition": "minecraft:reference",
                "name": "1_splatus:weapons_achieveable"
              }
            ],
            "functions": [
              {
                "function": "minecraft:set_nbt",
                "tag": "{CustomModelData:47007,EmptyStaff:1,display:{Name:'{\"translate\":\"Empty Staff\",\"color\":\"#bcbccf\",\"italic\":false}',Lore:['{\"translate\":\"Spellbound Weapons\",\"color\":\"#676e75\",\"italic\": true}']},SpellboundItem:1}"
              }
            ]
          }
        ]
      },
      {
      "rolls": 1,
      "entries": [
        {
          "type": "minecraft:item",
          "weight": 40,
          "name": "minecraft:air"
        },
        {
          
          "type": "minecraft:item",
          "weight": 10,
          "name": "minecraft:diamond_sword",
          "conditions": [
            
            {
              "condition": "minecraft:reference",
              "name": "1_splatus:weapons_achieveable"
            }
          ],
          "functions": [
            {
              "function": "minecraft:set_nbt",
              "tag": "{display:{Name:'{\"translate\": \"Witherblade\",\"italic\": false,\"color\": \"#7f7aa1\"}',Lore:['{\"translate\":\"Spellbound Weapons\",\"color\":\"#676e75\",\"italic\": true}']},SpellboundWithering:1,CustomModelData:47015,SpellboundItem:1}"
            }
          ]
        }
      ]
    
    },
        {
            "rolls": 1,
            "entries": [
              {
                "type": "minecraft:item",
                "weight": 40,
                "name": "minecraft:air"
              },
              {
                "type": "minecraft:item",
                "weight": 10,
                "name": "minecraft:stone_sword",
                "conditions": [
                  
                  {
                    "condition": "minecraft:reference",
                    "name": "1_splatus:weapons_achieveable"
                  }
                ],
                "functions": [
                  {
                    "function": "minecraft:set_nbt",
                    "tag": "{CustomModelData:47005,BlazingSword:1,display:{Name:'{\"translate\":\"Blazing Sword\",\"color\":\"#ff8400\",\"italic\":false}',Lore:['{\"translate\":\"Chainflame I\",\"color\":\"gray\",\"italic\":false}','{\"translate\":\"Spellbound Weapons\",\"color\":\"#676e75\",\"italic\": true}',]},SpellboundItem:1}"
                  }
                ]
              }
            ]
          },
      {
        "rolls": {
          "type": "minecraft:uniform",
          "min": 2,
          "max": 4
        },
        
        "bonus_rolls": 0,
        "entries": [
          {
            "type": "minecraft:item",
            "weight": 5,
            "name": "minecraft:diamond",
            "functions": [
              {
                "function": "minecraft:set_count",
                "count": {
                  "type": "minecraft:uniform",
                  "min": 1,
                  "max": 3
                },
                "add": false
              }
            ]
          },
          {
            "type": "minecraft:item",
            "weight": 5,
            "name": "minecraft:iron_ingot",
            "functions": [
              {
                "function": "minecraft:set_count",
                "count": {
                  "type": "minecraft:uniform",
                  "min": 1,
                  "max": 5
                },
                "add": false
              }
            ]
          },
          {
            "type": "minecraft:item",
            "weight": 15,
            "name": "minecraft:gold_ingot",
            "functions": [
              {
                "function": "minecraft:set_count",
                "count": {
                  "type": "minecraft:uniform",
                  "min": 1,
                  "max": 3
                },
                "add": false
              }
            ]
          },
          {
            "type": "minecraft:item",
            "weight": 5,
            "name": "minecraft:golden_sword"
          },
          {
            "type": "minecraft:item",
            "weight": 5,
            "name": "minecraft:golden_chestplate"
          },
          {
            "type": "minecraft:item",
            "weight": 5,
            "name": "minecraft:flint_and_steel"
          },
          {
            "type": "minecraft:item",
            "weight": 5,
            "name": "minecraft:nether_wart",
            "functions": [
              {
                "function": "minecraft:set_count",
                "count": {
                  "type": "minecraft:uniform",
                  "min": 3,
                  "max": 7
                },
                "add": false
              }
            ]
          },
          {
            "type": "minecraft:item",
            "weight": 10,
            "name": "minecraft:saddle"
          },
          {
            "type": "minecraft:item",
            "weight": 8,
            "name": "minecraft:golden_horse_armor"
          },
          {
            "type": "minecraft:item",
            "weight": 5,
            "name": "minecraft:iron_horse_armor"
          },
          {
            "type": "minecraft:item",
            "weight": 3,
            "name": "minecraft:diamond_horse_armor"
          },
          {
            "type": "minecraft:item",
            "weight": 2,
            "name": "minecraft:obsidian",
            "functions": [
              {
                "function": "minecraft:set_count",
                "count": {
                  "type": "minecraft:uniform",
                  "min": 2,
                  "max": 4
                },
                "add": false
              }
            ]
          }
        ]
      }
    ]
  }
  