{
    "type": "minecraft:chest",
    "pools": [
      {
        "rolls": 1,
        "entries": [
          {
            "type": "minecraft:item",
            "weight": 10,
            "name": "minecraft:air"
          },
          {
            
            "type": "minecraft:item",
            "weight": 10,
            "name": "minecraft:crossbow",
            "conditions": [
              
              {
                "condition": "minecraft:reference",
                "name": "1_splatus:weapons_achieveable"
              }
            ],
            "functions": [
             
              {
                "function": "minecraft:set_nbt",
                "tag": "{CustomModelData:47030,SpellboundItem:1,SpellboundChainfiring:1,display:{Name:'{\"translate\":\"Chain Firing Crossbow\",\"color\":\"#84b2b3\",\"italic\":false}',Lore:['{\"translate\":\"Spellbound Weapons\",\"color\":\"#676e75\",\"italic\": true}']}}"
              }
            ]
          }
          
        ]
      
      },
    
      
      {
        "rolls": {
          "type": "minecraft:uniform",
          "min": 0,
          "max": 1
        },
        "bonus_rolls": 0,
        "entries": [
          {
            "type": "minecraft:item",
            "name": "minecraft:crossbow"
          }
        ]
      },
      {
        "rolls": {
          "type": "minecraft:uniform",
          "min": 2,
          "max": 3
        },
        "bonus_rolls": 0,
        "entries": [
          {
            "type": "minecraft:item",
            "weight": 7,
            "name": "minecraft:wheat",
            "functions": [
              {
                "function": "minecraft:set_count",
                "count": {
                  "type": "minecraft:uniform",
                  "min": 3,
                  "max": 5
                },
                "add": false
              }
            ]
          },
          {
            "type": "minecraft:item",
            "weight": 5,
            "name": "minecraft:potato",
            "functions": [
              {
                "function": "minecraft:set_count",
                "count": {
                  "type": "minecraft:uniform",
                  "min": 2,
                  "max": 5
                },
                "add": false
              }
            ]
          },
          {
            "type": "minecraft:item",
            "weight": 5,
            "name": "minecraft:carrot",
            "functions": [
              {
                "function": "minecraft:set_count",
                "count": {
                  "type": "minecraft:uniform",
                  "min": 3,
                  "max": 5
                },
                "add": false
              }
            ]
          }
        ]
      },
      {
        "rolls": {
          "type": "minecraft:uniform",
          "min": 1,
          "max": 3
        },
        "bonus_rolls": 0,
        "entries": [
          {
            "type": "minecraft:item",
            "name": "minecraft:dark_oak_log",
            "functions": [
              {
                "function": "minecraft:set_count",
                "count": {
                  "type": "minecraft:uniform",
                  "min": 2,
                  "max": 3
                },
                "add": false
              }
            ]
          }
        ]
      },
      {
        "rolls": {
          "type": "minecraft:uniform",
          "min": 2,
          "max": 3
        },
        "bonus_rolls": 0,
        "entries": [
          {
            "type": "minecraft:item",
            "weight": 7,
            "name": "minecraft:experience_bottle"
          },
          {
            "type": "minecraft:item",
            "weight": 4,
            "name": "minecraft:string",
            "functions": [
              {
                "function": "minecraft:set_count",
                "count": {
                  "type": "minecraft:uniform",
                  "min": 1,
                  "max": 6
                },
                "add": false
              }
            ]
          },
          {
            "type": "minecraft:item",
            "weight": 4,
            "name": "minecraft:arrow",
            "functions": [
              {
                "function": "minecraft:set_count",
                "count": {
                  "type": "minecraft:uniform",
                  "min": 2,
                  "max": 7
                },
                "add": false
              }
            ]
          },
          {
            "type": "minecraft:item",
            "weight": 3,
            "name": "minecraft:tripwire_hook",
            "functions": [
              {
                "function": "minecraft:set_count",
                "count": {
                  "type": "minecraft:uniform",
                  "min": 1,
                  "max": 3
                },
                "add": false
              }
            ]
          },
          {
            "type": "minecraft:item",
            "weight": 3,
            "name": "minecraft:iron_ingot",
            "functions": [
              {
                "function": "minecraft:set_count",
                "count": {
                  "type": "minecraft:uniform",
                  "min": 1,
                  "max": 3
                },
                "add": false
              }
            ]
          },
          {
            "type": "minecraft:item",
            "name": "minecraft:book",
            "functions": [
              {
                "function": "minecraft:enchant_randomly"
              }
            ]
          }
        ]
      }
    ]
  }
  