{
    "type": "minecraft:chest",
    "pools": [
      {
        "rolls": 1,
        "entries": [
         
          {
            
            "type": "minecraft:item",
            "weight": 10,
            "name": "minecraft:iron_sword",
            "conditions": [
              
              {
                "condition": "minecraft:reference",
                "name": "1_splatus:weapons_achieveable"
              }
            ],
            "functions": [
             
              {
                "function": "minecraft:set_nbt",
                "tag": "{display:{Name:'{\"translate\": \"Windsweeper\",\"italic\": false,\"color\": \"#d5d6b6\"}',Lore:['{\"translate\":\"Spellbound Weapons\",\"color\":\"#676e75\",\"italic\": true}']},SpellboundWindsweptSword:1,CustomModelData:47014,SpellboundItem:1}"
              }
            ]
          }
          
        ]
      
      },
      {
        "rolls": {
          "type": "minecraft:uniform",
          "min": 3,
          "max": 6
        },
        "bonus_rolls": 0,
        "entries": [
          {
            "type": "minecraft:item",
            "weight": 90,
            "name": "minecraft:iron_ingot",
            "functions": [
              {
                "function": "minecraft:set_count",
                "count": {
                  "type": "minecraft:uniform",
                  "min": 1,
                  "max": 5
                },
                "add": false
              }
            ]
          },
          {
            "type": "minecraft:item",
            "weight": 10,
            "name": "minecraft:gold_ingot",
            "functions": [
              {
                "function": "minecraft:set_count",
                "count": {
                  "type": "minecraft:uniform",
                  "min": 1,
                  "max": 5
                },
                "add": false
              }
            ]
          },
          {
            "type": "minecraft:item",
            "weight": 40,
            "name": "minecraft:emerald",
            "functions": [
              {
                "function": "minecraft:set_count",
                "count": {
                  "type": "minecraft:uniform",
                  "min": 1,
                  "max": 5
                },
                "add": false
              }
            ]
          },
          {
            "type": "minecraft:item",
            "weight": 5,
            "name": "minecraft:diamond"
          },
          {
            "type": "minecraft:item",
            "weight": 5,
            "name": "minecraft:experience_bottle"
          }
        ]
      },
      {
        "rolls": {
          "type": "minecraft:uniform",
          "min": 2,
          "max": 5
        },
        "bonus_rolls": 0,
        "entries": [
          {
            "type": "minecraft:item",
            "weight": 50,
            "name": "minecraft:iron_nugget",
            "functions": [
              {
                "function": "minecraft:set_count",
                "count": {
                  "type": "minecraft:uniform",
                  "min": 1,
                  "max": 10
                },
                "add": false
              }
            ]
          },
          {
            "type": "minecraft:item",
            "weight": 10,
            "name": "minecraft:gold_nugget",
            "functions": [
              {
                "function": "minecraft:set_count",
                "count": {
                  "type": "minecraft:uniform",
                  "min": 1,
                  "max": 10
                },
                "add": false
              }
            ]
          },
          {
            "type": "minecraft:item",
            "weight": 20,
            "name": "minecraft:lapis_lazuli",
            "functions": [
              {
                "function": "minecraft:set_count",
                "count": {
                  "type": "minecraft:uniform",
                  "min": 1,
                  "max": 10
                },
                "add": false
              }
            ]
          }
        ]
      }
    ]
  }
  