{
    "type": "minecraft:chest",
    "pools": [
        {
            "rolls": 1,
            "entries": [
             
              {
                
                "type": "minecraft:item",
                "weight": 10,
                "name": "minecraft:fishing_rod",
                "conditions": [
                  
                  {
                    "condition": "minecraft:reference",
                    "name": "1_splatus:weapons_achieveable"
                  }
                ],
                "functions": [
                  {
                    "function": "minecraft:enchant_with_levels",
                    "levels": {
                      "min": 15,
                      "max": 30
                    },
                    "treasure": false
                  }, 
                  {
                    "function": "minecraft:set_nbt",
                    "tag": "{CustomModelData:47019,SpellboundBoneWand:1,display:{Name:'{\"translate\":\"Bone Wand\",\"italic\":false,\"color\": \"#aeb1bd\"}',Lore:['{\"translate\":\"Spellbound Weapons\",\"color\":\"#676e75\",\"italic\": true}']},SpellboundItem:1}"
                  }
                ]
              },
              {
                
                "type": "minecraft:item",
                "weight": 10,
                "name": "minecraft:iron_axe",
                "conditions": [
                  
                  {
                    "condition": "minecraft:reference",
                    "name": "1_splatus:weapons_achieveable"
                  }
                ],
                "functions": [
                  {
                    "function": "minecraft:enchant_with_levels",
                    "levels": {
                      "min": 15,
                      "max": 30
                    },
                    "treasure": false
                  },
                  {
                    "function": "minecraft:set_nbt",
                    "tag": "{CustomModelData:47016,display:{Name:'{\"translate\":\"Mega Hammer\",\"color\":\"yellow\",\"italic\":false}',Lore:['{\"translate\":\"Spellbound Weapons\",\"color\":\"#676e75\",\"italic\": true}']},SpellboundMegaHammer:1,SpellboundItem:1}"
                  }
                ]
              },
              {
                
                "type": "minecraft:item",
                "weight": 10,
                "name": "minecraft:iron_shovel",
                "conditions": [
                  
                  {
                    "condition": "minecraft:reference",
                    "name": "1_splatus:weapons_achieveable"
                  }
                ],
                "functions": [
                  {
                    "function": "minecraft:enchant_with_levels",
                    "levels": {
                      "min": 15,
                      "max": 30
                    },
                    "treasure": false
                  },
                  {
                    "function": "minecraft:set_nbt",
                    "tag": "{CustomModelData:47018,display:{Name:'{\"translate\":\"Dagger\",\"color\":\"#91e060\",\"italic\":false}',Lore:['{\"translate\":\"Spellbound Weapons\",\"color\":\"#676e75\",\"italic\": true}']},SpellboundDagger:1,SpellboundItem:1}"
                  }
                ]
              }
            ]
          
          },
      {
        "rolls": {
          "type": "minecraft:uniform",
          "min": 1,
          "max": 3
        },
        "bonus_rolls": 0,
        "entries": [
          {
            "type": "minecraft:item",
            "weight": 20,
            "name": "minecraft:saddle"
          },
          {
            "type": "minecraft:item",
            "weight": 15,
            "name": "minecraft:golden_apple"
          },
          {
            "type": "minecraft:item",
            "weight": 2,
            "name": "minecraft:enchanted_golden_apple"
          },
          {
            "type": "minecraft:item",
            "weight": 2,
            "name": "minecraft:music_disc_otherside"
          },
          {
            "type": "minecraft:item",
            "weight": 15,
            "name": "minecraft:music_disc_13"
          },
          {
            "type": "minecraft:item",
            "weight": 15,
            "name": "minecraft:music_disc_cat"
          },
          {
            "type": "minecraft:item",
            "weight": 20,
            "name": "minecraft:name_tag"
          },
          {
            "type": "minecraft:item",
            "weight": 10,
            "name": "minecraft:golden_horse_armor"
          },
          {
            "type": "minecraft:item",
            "weight": 15,
            "name": "minecraft:iron_horse_armor"
          },
          {
            "type": "minecraft:item",
            "weight": 5,
            "name": "minecraft:diamond_horse_armor"
          },
          {
            "type": "minecraft:item",
            "weight": 10,
            "name": "minecraft:book",
            "functions": [
              {
                "function": "minecraft:enchant_randomly"
              }
            ]
          }
        ]
      },
      {
        "rolls": {
          "type": "minecraft:uniform",
          "min": 1,
          "max": 4
        },
        "bonus_rolls": 0,
        "entries": [
          {
            "type": "minecraft:item",
            "weight": 10,
            "name": "minecraft:iron_ingot",
            "functions": [
              {
                "function": "minecraft:set_count",
                "count": {
                  "type": "minecraft:uniform",
                  "min": 1,
                  "max": 4
                },
                "add": false
              }
            ]
          },
          {
            "type": "minecraft:item",
            "weight": 5,
            "name": "minecraft:gold_ingot",
            "functions": [
              {
                "function": "minecraft:set_count",
                "count": {
                  "type": "minecraft:uniform",
                  "min": 1,
                  "max": 4
                },
                "add": false
              }
            ]
          },
          {
            "type": "minecraft:item",
            "weight": 20,
            "name": "minecraft:bread"
          },
          {
            "type": "minecraft:item",
            "weight": 20,
            "name": "minecraft:wheat",
            "functions": [
              {
                "function": "minecraft:set_count",
                "count": {
                  "type": "minecraft:uniform",
                  "min": 1,
                  "max": 4
                },
                "add": false
              }
            ]
          },
          {
            "type": "minecraft:item",
            "weight": 10,
            "name": "minecraft:bucket"
          },
          {
            "type": "minecraft:item",
            "weight": 15,
            "name": "minecraft:redstone",
            "functions": [
              {
                "function": "minecraft:set_count",
                "count": {
                  "type": "minecraft:uniform",
                  "min": 1,
                  "max": 4
                },
                "add": false
              }
            ]
          },
          {
            "type": "minecraft:item",
            "weight": 15,
            "name": "minecraft:coal",
            "functions": [
              {
                "function": "minecraft:set_count",
                "count": {
                  "type": "minecraft:uniform",
                  "min": 1,
                  "max": 4
                },
                "add": false
              }
            ]
          },
          {
            "type": "minecraft:item",
            "weight": 10,
            "name": "minecraft:melon_seeds",
            "functions": [
              {
                "function": "minecraft:set_count",
                "count": {
                  "type": "minecraft:uniform",
                  "min": 2,
                  "max": 4
                },
                "add": false
              }
            ]
          },
          {
            "type": "minecraft:item",
            "weight": 10,
            "name": "minecraft:pumpkin_seeds",
            "functions": [
              {
                "function": "minecraft:set_count",
                "count": {
                  "type": "minecraft:uniform",
                  "min": 2,
                  "max": 4
                },
                "add": false
              }
            ]
          },
          {
            "type": "minecraft:item",
            "weight": 10,
            "name": "minecraft:beetroot_seeds",
            "functions": [
              {
                "function": "minecraft:set_count",
                "count": {
                  "type": "minecraft:uniform",
                  "min": 2,
                  "max": 4
                },
                "add": false
              }
            ]
          }
        ]
      },
      {
        "rolls": 3,
        "bonus_rolls": 0,
        "entries": [
          {
            "type": "minecraft:item",
            "weight": 10,
            "name": "minecraft:bone",
            "functions": [
              {
                "function": "minecraft:set_count",
                "count": {
                  "type": "minecraft:uniform",
                  "min": 1,
                  "max": 8
                },
                "add": false
              }
            ]
          },
          {
            "type": "minecraft:item",
            "weight": 10,
            "name": "minecraft:gunpowder",
            "functions": [
              {
                "function": "minecraft:set_count",
                "count": {
                  "type": "minecraft:uniform",
                  "min": 1,
                  "max": 8
                },
                "add": false
              }
            ]
          },
          {
            "type": "minecraft:item",
            "weight": 10,
            "name": "minecraft:rotten_flesh",
            "functions": [
              {
                "function": "minecraft:set_count",
                "count": {
                  "type": "minecraft:uniform",
                  "min": 1,
                  "max": 8
                },
                "add": false
              }
            ]
          },
          {
            "type": "minecraft:item",
            "weight": 10,
            "name": "minecraft:string",
            "functions": [
              {
                "function": "minecraft:set_count",
                "count": {
                  "type": "minecraft:uniform",
                  "min": 1,
                  "max": 8
                },
                "add": false
              }
            ]
          }
        ]
      }
    ]
  }
  