{
    "type": "minecraft:chest",
    "pools": [
        
        {
            "rolls": 1,
            "entries": [
              {
                "type": "minecraft:item",
                "name": "minecraft:air",
                "weight": 150
              },
              {
                
                "type": "minecraft:item",
                "weight": 10,
                "name": "minecraft:fishing_rod",
                "conditions": [
                  
                  {
                    "condition": "minecraft:reference",
                    "name": "1_splatus:weapons_achieveable"
                  }
                ],
                "functions": [
                  {
                    "function": "minecraft:enchant_with_levels",
                    "levels": {
                      "min": 15,
                      "max": 30
                    },
                    "treasure": false
                  }, 
                  {
                    "function": "minecraft:set_nbt",
                    "tag": "{CustomModelData:47019,SpellboundBoneWand:1,display:{Name:'{\"translate\":\"Bone Wand\",\"italic\":false,\"color\": \"#aeb1bd\"}',Lore:['{\"translate\":\"Spellbound Weapons\",\"color\":\"#676e75\",\"italic\": true}']},SpellboundItem:1}"
                  }
                ]
              },
              {
                
                "type": "minecraft:item",
                "weight": 10,
                "name": "minecraft:iron_axe",
                "conditions": [
                  
                  {
                    "condition": "minecraft:reference",
                    "name": "1_splatus:weapons_achieveable"
                  }
                ],
                "functions": [
                  {
                    "function": "minecraft:enchant_with_levels",
                    "levels": {
                      "min": 15,
                      "max": 30
                    },
                    "treasure": false
                  },
                  {
                    "function": "minecraft:set_nbt",
                    "tag": "{CustomModelData:47016,display:{Name:'{\"translate\":\"Mega Hammer\",\"color\":\"yellow\",\"italic\":false}',Lore:['{\"translate\":\"Spellbound Weapons\",\"color\":\"#676e75\",\"italic\": true}']},SpellboundMegaHammer:1,SpellboundItem:1}"
                  }
                ]
              },
              {
                
                "type": "minecraft:item",
                "weight": 10,
                "name": "minecraft:iron_shovel",
                "conditions": [
                  
                  {
                    "condition": "minecraft:reference",
                    "name": "1_splatus:weapons_achieveable"
                  }
                ],
                "functions": [
                  {
                    "function": "minecraft:enchant_with_levels",
                    "levels": {
                      "min": 15,
                      "max": 30
                    },
                    "treasure": false
                  },
                  {
                    "function": "minecraft:set_nbt",
                    "tag": "{CustomModelData:47018,display:{Name:'{\"translate\":\"Dagger\",\"color\":\"#91e060\",\"italic\":false}',Lore:['{\"translate\":\"Spellbound Weapons\",\"color\":\"#676e75\",\"italic\": true}']},SpellboundDagger:1,SpellboundItem:1}"
                  }
                ]
              }
            ]
          
          },
      {
        "rolls": {
          "type": "minecraft:uniform",
          "min": 2,
          "max": 3
        },
        "bonus_rolls": 0,
        "entries": [
          {
            "type": "minecraft:item",
            "weight": 10,
            "name": "minecraft:ender_pearl"
          },
          {
            "type": "minecraft:item",
            "weight": 3,
            "name": "minecraft:diamond",
            "functions": [
              {
                "function": "minecraft:set_count",
                "count": {
                  "type": "minecraft:uniform",
                  "min": 1,
                  "max": 3
                },
                "add": false
              }
            ]
          },
          {
            "type": "minecraft:item",
            "weight": 10,
            "name": "minecraft:iron_ingot",
            "functions": [
              {
                "function": "minecraft:set_count",
                "count": {
                  "type": "minecraft:uniform",
                  "min": 1,
                  "max": 5
                },
                "add": false
              }
            ]
          },
          {
            "type": "minecraft:item",
            "weight": 5,
            "name": "minecraft:gold_ingot",
            "functions": [
              {
                "function": "minecraft:set_count",
                "count": {
                  "type": "minecraft:uniform",
                  "min": 1,
                  "max": 3
                },
                "add": false
              }
            ]
          },
          {
            "type": "minecraft:item",
            "weight": 5,
            "name": "minecraft:redstone",
            "functions": [
              {
                "function": "minecraft:set_count",
                "count": {
                  "type": "minecraft:uniform",
                  "min": 4,
                  "max": 9
                },
                "add": false
              }
            ]
          },
          {
            "type": "minecraft:item",
            "weight": 15,
            "name": "minecraft:bread",
            "functions": [
              {
                "function": "minecraft:set_count",
                "count": {
                  "type": "minecraft:uniform",
                  "min": 1,
                  "max": 3
                },
                "add": false
              }
            ]
          },
          {
            "type": "minecraft:item",
            "weight": 15,
            "name": "minecraft:apple",
            "functions": [
              {
                "function": "minecraft:set_count",
                "count": {
                  "type": "minecraft:uniform",
                  "min": 1,
                  "max": 3
                },
                "add": false
              }
            ]
          },
          {
            "type": "minecraft:item",
            "weight": 5,
            "name": "minecraft:iron_pickaxe"
          },
          {
            "type": "minecraft:item",
            "weight": 5,
            "name": "minecraft:iron_sword"
          },
          {
            "type": "minecraft:item",
            "weight": 5,
            "name": "minecraft:iron_chestplate"
          },
          {
            "type": "minecraft:item",
            "weight": 5,
            "name": "minecraft:iron_helmet"
          },
          {
            "type": "minecraft:item",
            "weight": 5,
            "name": "minecraft:iron_leggings"
          },
          {
            "type": "minecraft:item",
            "weight": 5,
            "name": "minecraft:iron_boots"
          },
          {
            "type": "minecraft:item",
            "name": "minecraft:golden_apple"
          },
          {
            "type": "minecraft:item",
            "name": "minecraft:saddle"
          },
          {
            "type": "minecraft:item",
            "name": "minecraft:iron_horse_armor"
          },
          {
            "type": "minecraft:item",
            "name": "minecraft:golden_horse_armor"
          },
          {
            "type": "minecraft:item",
            "name": "minecraft:diamond_horse_armor"
          },
          {
            "type": "minecraft:item",
            "name": "minecraft:music_disc_otherside"
          },
          {
            "type": "minecraft:item",
            "name": "minecraft:book",
            "functions": [
              {
                "function": "minecraft:enchant_with_levels",
                "levels": 30,
                "treasure": true
              }
            ]
          }
        ]
      }
    ]
  }
  