{
    "type": "minecraft:chest",
    "pools": [
        {
            "rolls": 1,
            "entries": [
              {
                "type": "minecraft:item",
                "weight": 40,
                "name": "minecraft:air"
              },
              {
                "type": "minecraft:item",
                "weight": 10,
                "name": "minecraft:stone_sword",
                "conditions": [
                  
                  {
                    "condition": "minecraft:reference",
                    "name": "1_splatus:weapons_achieveable"
                  }
                ],
                "functions": [
                  {
                    "function": "minecraft:set_nbt",
                    "tag": "{CustomModelData:47006,Unbreakable:1b,CursedSeaBlade:1,Enchantments:[{id:\"sharpness\",lvl:1s}],display:{Name:'{\"translate\":\"Cursed Sea Blade\",\"color\":\"#71ebc6\",\"italic\":false}',Lore:['{\"translate\":\"Curse of Fish I\",\"color\":\"gray\",\"italic\":false}','{\"translate\":\"Spellbound Weapons\",\"color\":\"#676e75\",\"italic\": true}']},SpellboundItem:1}"
                  }
                ]
              }
            ]
          },
      {
        "rolls": {
          "type": "minecraft:uniform",
          "min": 2,
          "max": 8
        },
        "bonus_rolls": 0,
        "entries": [
          {
            "type": "minecraft:item",
            "weight": 10,
            "name": "minecraft:coal",
            "functions": [
              {
                "function": "minecraft:set_count",
                "count": {
                  "type": "minecraft:uniform",
                  "min": 1,
                  "max": 4
                },
                "add": false
              }
            ]
          },
          {
            "type": "minecraft:item",
            "weight": 10,
            "name": "minecraft:gold_nugget",
            "functions": [
              {
                "function": "minecraft:set_count",
                "count": {
                  "type": "minecraft:uniform",
                  "min": 1,
                  "max": 3
                },
                "add": false
              }
            ]
          },
          {
            "type": "minecraft:item",
            "name": "minecraft:emerald"
          },
          {
            "type": "minecraft:item",
            "weight": 10,
            "name": "minecraft:wheat",
            "functions": [
              {
                "function": "minecraft:set_count",
                "count": {
                  "type": "minecraft:uniform",
                  "min": 2,
                  "max": 3
                },
                "add": false
              }
            ]
          }
        ]
      },
      {
        "rolls": 1,
        "bonus_rolls": 0,
        "entries": [
          {
            "type": "minecraft:item",
            "name": "minecraft:golden_apple"
          },
          {
            "type": "minecraft:item",
            "weight": 5,
            "name": "minecraft:book",
            "functions": [
              {
                "function": "minecraft:enchant_randomly"
              }
            ]
          },
          {
            "type": "minecraft:item",
            "name": "minecraft:leather_chestplate"
          },
          {
            "type": "minecraft:item",
            "name": "minecraft:golden_helmet"
          },
          {
            "type": "minecraft:item",
            "weight": 5,
            "name": "minecraft:fishing_rod",
            "functions": [
              {
                "function": "minecraft:enchant_randomly"
              }
            ]
          },
          {
            "type": "minecraft:item",
            "weight": 10,
            "name": "minecraft:map",
            "functions": [
              {
                "function": "minecraft:exploration_map",
                "decoration": "red_x",
                "zoom": 1,
                "skip_existing_chunks": false
              }
            ]
          }
        ]
      }
    ]
  }
  