{
  "replace": false,
  "values": [
    "minecraft:air",
    "minecraft:cave_air",
    "minecraft:void_air",
    "minecraft:light",
    "minecraft:water",
    "minecraft:lava",
    "#minecraft:impermeable",
    "minecraft:glass_pane",
    "minecraft:red_stained_glass_pane",
    "minecraft:blue_stained_glass_pane",
    "minecraft:cyan_stained_glass_pane",
    "minecraft:lime_stained_glass_pane",
    "minecraft:pink_stained_glass_pane",
    "minecraft:gray_stained_glass_pane",
    "minecraft:black_stained_glass_pane",
    "minecraft:brown_stained_glass_pane",
    "minecraft:brown_stained_glass_pane",
    "minecraft:white_stained_glass_pane",
    "minecraft:green_stained_glass_pane",
    "minecraft:orange_stained_glass_pane",
    "minecraft:purple_stained_glass_pane",
    "minecraft:yellow_stained_glass_pane",
    "minecraft:magenta_stained_glass_pane",
    "minecraft:light_gray_stained_glass_pane",
    "minecraft:light_blue_stained_glass_pane",
    "minecraft:crimson_fungus",
    "minecraft:warped_fungus",
    "minecraft:crimson_roots",
    "minecraft:warped_roots",
    "minecraft:nether_sprouts",
    "minecraft:torch",
    "minecraft:wall_torch",
    "minecraft:soul_torch",
    "minecraft:soul_wall_torch",
    "minecraft:redstone_torch",
    "minecraft:redstone_wall_torch",
    "minecraft:iron_bars",
    "minecraft:chain",
    "minecraft:kelp",
    "minecraft:kelp_plant",
    "minecraft:tall_seagrass",
    "minecraft:brown_mushroom",
    "minecraft:red_mushroom",
    "minecraft:sugar_cane",
    "minecraft:cobweb",
    "minecraft:torch",
    "minecraft:soul_torch",
    "minecraft:wall_torch",
    "minecraft:soul_wall_torch",
    "minecraft:lever",
    "minecraft:tripwire_hook",
    "minecraft:big_dripleaf",
    "minecraft:big_dripleaf_stem",
    "minecraft:small_dripleaf",
    "#minecraft:beds",
    "#minecraft:buttons",
    "#minecraft:banners",
    "#minecraft:campfires",
    "#minecraft:candle_cakes",
    "#minecraft:candles",
    "minecraft:white_carpet",
    "minecraft:orange_carpet",
    "minecraft:magenta_carpet",
    "minecraft:light_blue_carpet",
    "minecraft:yellow_carpet",
    "minecraft:lime_carpet",
    "minecraft:pink_carpet",
    "minecraft:gray_carpet",
    "minecraft:light_gray_carpet",
    "minecraft:cyan_carpet",
    "minecraft:purple_carpet",
    "minecraft:blue_carpet",
    "minecraft:brown_carpet",
    "minecraft:green_carpet",
    "minecraft:red_carpet",
    "minecraft:black_carpet",
    "#minecraft:cauldrons",
    "#minecraft:climbable",
    "#minecraft:coral_plants",
    "#minecraft:crops",
    "#minecraft:doors",
    "#minecraft:fence_gates",
    "#minecraft:fences",
    "#minecraft:flowers",
    "#minecraft:fire",
    "#minecraft:leaves",
    "#minecraft:portals",
    "#minecraft:pressure_plates",
    "#minecraft:rails",
    "#minecraft:saplings",
    "#minecraft:signs",
    "#minecraft:small_flowers",
    "#minecraft:trapdoors",
    "#minecraft:underwater_bonemeals",
    "minecraft:grass",
    "minecraft:fern",
    "minecraft:dead_bush", "minecraft:vine",
    "minecraft:glow_lichen",
    "minecraft:sunflower",
    "minecraft:lilac",
    "minecraft:rose_bush",
    "minecraft:peony",
    "minecraft:tall_grass",
    "minecraft:large_fern",
    "minecraft:hanging_roots",
    {
      "id":"minecraft:sculk_vein",
      "required": false
    },
    {
      "id":"minecraft:mangrove_roots",
      "required": false
    }
  ]
}