{

  "condition": "minecraft:alternative",
    "terms": [
      
  {
    "condition": "minecraft:entity_properties",
    "entity": "this",
    "predicate": {
      "equipment": {
        "mainhand": {
          "nbt": "{SpellboundIceStaff:1}"
        }
      }
    }
  },
  {
    "condition": "minecraft:entity_properties",
    "entity": "this",
    "predicate": {
      "equipment": {
        "offhand": {
          "nbt": "{SpellboundIceStaff:1}"
        }
      }
    }
  },






  {
    "condition": "minecraft:entity_properties",
    "entity": "this",
    "predicate": {
      "equipment": {
        "mainhand": {
          "nbt": "{FireStaff:1,SpellboundItem:1}"
        }
      }
    }
  },
  {
    "condition": "minecraft:entity_properties",
    "entity": "this",
    "predicate": {
      "equipment": {
        "offhand": {
          "nbt": "{FireStaff:1,SpellboundItem:1}"
        }
      }
    }
  },




  {
    "condition": "minecraft:entity_properties",
    "entity": "this",
    "predicate": {
      "equipment": {
        "mainhand": {
          "nbt": "{SpellboundElectricStaff:1}"
        }
      }
    }
  },
  {
    "condition": "minecraft:entity_properties",
    "entity": "this",
    "predicate": {
      "equipment": {
        "offhand": {
          "nbt": "{SpellboundElectricStaff:1}"
        }
      }
    }
  }


    ]
}

