[
  {
    "function": "minecraft:set_nbt",
    "tag": "{SlowFalling:0}"
  },
  {
    "function": "minecraft:set_lore",
    "entity": "this",
    "lore": [],
    "replace": true
  },
  {
    "function": "minecraft:set_lore",
    "entity": "this",
    "lore": [
      {
        "text": ""
      },
      [
        {
          "text": "+ Diamond Chestplate",
          "color": "aqua",
          "italic": false
        }
      ]
    ],
    "replace": true,
    "conditions": [
      {
        "condition": "minecraft:entity_properties",
        "entity": "this",
        "predicate": {
          "type": "minecraft:player",
          "equipment": {
            "chest": {
              "items": [
                "minecraft:elytra"
              ],
              "nbt": "{diax:1}"
            }
          }
        }
      }
    ]
  },
  {
    "function": "minecraft:set_lore",
    "entity": "this",
    "lore": [
      [
        {
          "text": ""
        }
      ],
      {
        "text": "+ Netherite Chestplate",
        "color": "dark_red",
        "italic": false
      }
    ],
    "replace": true,
    "conditions": [
      {
        "condition": "minecraft:entity_properties",
        "entity": "this",
        "predicate": {
          "type": "minecraft:player",
          "equipment": {
            "chest": {
              "items": [
                "minecraft:elytra"
              ],
              "nbt": "{diax:0}"
            }
          }
        }
      }
    ]
  }
]
