{
    "display": {
      "title": {
        "text": "Angel's wings"
      },
      "description": {
        "text": "Apply all available enchants to the elytra"
      },
        "icon": {
            "item": "minecraft:enchanted_book"
        },
        "frame": "challenge",
        "show_toast": true,
        "announce_to_chat": true,
        "hidden": false
    },
  "criteria": {
    "c1": {
      "trigger": "minecraft:inventory_changed",
      "conditions": {
        "items": [
          {
            "item": "minecraft:elytra",
            "enchantments": [
              {
                "enchantment": "minecraft:protection",
                "levels": {
                  "min": 4,
                  "max": 4
                }
              },
              {
                "enchantment": "minecraft:thorns",
                "levels": {
                  "min": 3,
                  "max": 3
                }
              },
              {
                "enchantment": "minecraft:unbreaking",
                "levels": {
                  "min": 3,
                  "max": 3
                }
              },
              {
                "enchantment": "minecraft:mending"
              }
            ]
          }
        ]
      }
    }
  },
  "parent": "better_elytra:sky_wizard"
}