{
    "display": {
      "title": {
        "text": "Cursed wings"
      },
      "description": {
        "text": "Apply 2 curses on the elytra"
      },
        "icon": {
            "item": "minecraft:wither_skeleton_skull"
        },
        "frame": "task",
        "show_toast": true,
        "announce_to_chat": true,
        "hidden": false
    },
  "criteria": {
    "curse": {
      "trigger": "minecraft:inventory_changed",
      "conditions": {
        "items": [
          {
            "item": "minecraft:elytra",
            "enchantments": [
              {
                "enchantment": "minecraft:binding_curse"
              },
              {
                "enchantment": "minecraft:vanishing_curse"
              }
            ]
          }
        ]
      }
    }
  },
  "parent": "better_elytra:sky_wizard"
}