{
  "display": {
    "title": {
      "text": "Better Elytra"
    },
    "description": {
      "text": "Better elytra, better life"
    },
    "icon": {
      "item": "minecraft:elytra"
    },
    "frame": "task",
    "show_toast": false,
    "announce_to_chat": false,
    "hidden": false,
    "background": "minecraft:textures/block/purpur_block.png"
  },
  "criteria": {
    "elytra": {
      "trigger": "minecraft:inventory_changed",
      "conditions": {
        "items": [
          {
            "item": "minecraft:elytra"
          }
        ]
      }
    }
  },
  "requirements": [
    [
      "elytra"
    ]
  ]
}