{
    "display": {
        "title": {
            "text": "Soft Landing"
        },
        "description": {
            "text": "Land safely with the Slow Fall Elytra"
        },
        "icon": {
            "item": "minecraft:feather"
        },
        "frame": "challenge",
        "show_toast": true,
        "announce_to_chat": true,
        "hidden": false
    },
    "criteria": {
        "requirement": {
          "trigger": "minecraft:impossible"
        }
      },
    "parent": "better_elytra:better_elytra"
}