{
    "type": "minecraft:chest",
    "pools": [
      {
        "rolls": 1,
        "entries": [
        
          {
            
            "type": "minecraft:item",
            "weight": 10,
            "name": "minecraft:iron_axe",
            "conditions": [
              
              {
                "condition": "minecraft:reference",
                "name": "1_splatus:weapons_achieveable"
              }
            ],
            "functions": [
              {
                "function": "minecraft:set_nbt",
                "tag": "{CustomModelData:47016,display:{Name:'{\"translate\":\"Mega Hammer\",\"color\":\"yellow\",\"italic\":false}',Lore:['{\"translate\":\"Spellbound Weapons\",\"color\":\"#676e75\",\"italic\": true}']},Enchantments:[{id:\"unbreaking\",lvl:1s}],SpellboundMegaHammer:1,SpellboundItem:1}"
              }
            ]
          }
          
        ]
      
      },
      {
        "rolls": {
          "type": "minecraft:uniform",
          "min": 3,
          "max": 8
        },
        "bonus_rolls": 0,
        "entries": [
          {
            "type": "minecraft:item",
            "weight": 3,
            "name": "minecraft:diamond",
            "functions": [
              {
                "function": "minecraft:set_count",
                "count": {
                  "type": "minecraft:uniform",
                  "min": 1,
                  "max": 3
                },
                "add": false
              }
            ]
          },
          {
            "type": "minecraft:item",
            "weight": 10,
            "name": "minecraft:iron_ingot",
            "functions": [
              {
                "function": "minecraft:set_count",
                "count": {
                  "type": "minecraft:uniform",
                  "min": 1,
                  "max": 5
                },
                "add": false
              }
            ]
          },
          {
            "type": "minecraft:item",
            "weight": 5,
            "name": "minecraft:gold_ingot",
            "functions": [
              {
                "function": "minecraft:set_count",
                "count": {
                  "type": "minecraft:uniform",
                  "min": 1,
                  "max": 3
                },
                "add": false
              }
            ]
          },
          {
            "type": "minecraft:item",
            "weight": 15,
            "name": "minecraft:bread",
            "functions": [
              {
                "function": "minecraft:set_count",
                "count": {
                  "type": "minecraft:uniform",
                  "min": 1,
                  "max": 3
                },
                "add": false
              }
            ]
          },
          {
            "type": "minecraft:item",
            "weight": 15,
            "name": "minecraft:apple",
            "functions": [
              {
                "function": "minecraft:set_count",
                "count": {
                  "type": "minecraft:uniform",
                  "min": 1,
                  "max": 3
                },
                "add": false
              }
            ]
          },
          {
            "type": "minecraft:item",
            "weight": 5,
            "name": "minecraft:iron_pickaxe"
          },
          {
            "type": "minecraft:item",
            "weight": 5,
            "name": "minecraft:iron_sword"
          },
          {
            "type": "minecraft:item",
            "weight": 5,
            "name": "minecraft:iron_chestplate"
          },
          {
            "type": "minecraft:item",
            "weight": 5,
            "name": "minecraft:iron_helmet"
          },
          {
            "type": "minecraft:item",
            "weight": 5,
            "name": "minecraft:iron_leggings"
          },
          {
            "type": "minecraft:item",
            "weight": 5,
            "name": "minecraft:iron_boots"
          },
          {
            "type": "minecraft:item",
            "weight": 5,
            "name": "minecraft:obsidian",
            "functions": [
              {
                "function": "minecraft:set_count",
                "count": {
                  "type": "minecraft:uniform",
                  "min": 3,
                  "max": 7
                },
                "add": false
              }
            ]
          },
          {
            "type": "minecraft:item",
            "weight": 5,
            "name": "minecraft:oak_sapling",
            "functions": [
              {
                "function": "minecraft:set_count",
                "count": {
                  "type": "minecraft:uniform",
                  "min": 3,
                  "max": 7
                },
                "add": false
              }
            ]
          },
          {
            "type": "minecraft:item",
            "weight": 3,
            "name": "minecraft:saddle"
          },
          {
            "type": "minecraft:item",
            "name": "minecraft:iron_horse_armor"
          },
          {
            "type": "minecraft:item",
            "name": "minecraft:golden_horse_armor"
          },
          {
            "type": "minecraft:item",
            "name": "minecraft:diamond_horse_armor"
          }
        ]
      }
    ]
  }
  