{
  "type": "minecraft:chest",
  "pools": [
    {
      "rolls": {
        "type": "minecraft:uniform",
        "min": 2,
        "max": 6
      },
      "bonus_rolls": 0,
      "entries": [
        {
          "type": "minecraft:item",
          "weight": 5,
          "name": "minecraft:diamond",
          "functions": [
            {
              "function": "minecraft:set_count",
              "count": {
                "type": "minecraft:uniform",
                "min": 2,
                "max": 7
              },
              "add": false
            }
          ]
        },
        {
          "type": "minecraft:item",
          "weight": 10,
          "name": "minecraft:iron_ingot",
          "functions": [
            {
              "function": "minecraft:set_count",
              "count": {
                "type": "minecraft:uniform",
                "min": 4,
                "max": 8
              },
              "add": false
            }
          ]
        },
        {
          "type": "minecraft:item",
          "weight": 15,
          "name": "minecraft:gold_ingot",
          "functions": [
            {
              "function": "minecraft:set_count",
              "count": {
                "type": "minecraft:uniform",
                "min": 2,
                "max": 7
              },
              "add": false
            }
          ]
        },
        {
          "type": "minecraft:item",
          "weight": 2,
          "name": "minecraft:emerald",
          "functions": [
            {
              "function": "minecraft:set_count",
              "count": {
                "type": "minecraft:uniform",
                "min": 2,
                "max": 6
              },
              "add": false
            }
          ]
        },
        {
          "type": "minecraft:item",
          "weight": 5,
          "name": "minecraft:beetroot_seeds",
          "functions": [
            {
              "function": "minecraft:set_count",
              "count": {
                "type": "minecraft:uniform",
                "min": 1,
                "max": 10
              },
              "add": false
            }
          ]
        },
        {
          "type": "minecraft:item",
          "weight": 3,
          "name": "minecraft:saddle"
        },
        {
          "type": "minecraft:item",
          "name": "minecraft:iron_horse_armor"
        },
        {
          "type": "minecraft:item",
          "name": "minecraft:golden_horse_armor"
        },
        {
          "type": "minecraft:item",
          "name": "minecraft:diamond_horse_armor"
        },
        {
          "type": "minecraft:item",
          "weight": 3,
          "name": "minecraft:diamond_sword",
          "functions": [
            {
              "function": "minecraft:enchant_with_levels",
              "levels": {
                "type": "minecraft:uniform",
                "min": 20,
                "max": 39
              },
              "treasure": true
            }
          ]
        },
        {
          "type": "minecraft:item",
          "weight": 3,
          "name": "minecraft:diamond_boots",
          "functions": [
            {
              "function": "minecraft:enchant_with_levels",
              "levels": {
                "type": "minecraft:uniform",
                "min": 20,
                "max": 39
              },
              "treasure": true
            }
          ]
        },
        {
          "type": "minecraft:item",
          "weight": 3,
          "name": "minecraft:diamond_chestplate",
          "functions": [
            {
              "function": "minecraft:enchant_with_levels",
              "levels": {
                "type": "minecraft:uniform",
                "min": 20,
                "max": 39
              },
              "treasure": true
            }
          ]
        },
        {
          "type": "minecraft:item",
          "weight": 3,
          "name": "minecraft:diamond_leggings",
          "functions": [
            {
              "function": "minecraft:enchant_with_levels",
              "levels": {
                "type": "minecraft:uniform",
                "min": 20,
                "max": 39
              },
              "treasure": true
            }
          ]
        },
        {
          "type": "minecraft:item",
          "weight": 3,
          "name": "minecraft:diamond_helmet",
          "functions": [
            {
              "function": "minecraft:enchant_with_levels",
              "levels": {
                "type": "minecraft:uniform",
                "min": 20,
                "max": 39
              },
              "treasure": true
            }
          ]
        },
        {
          "type": "minecraft:item",
          "weight": 3,
          "name": "minecraft:diamond_pickaxe",
          "functions": [
            {
              "function": "minecraft:enchant_with_levels",
              "levels": {
                "type": "minecraft:uniform",
                "min": 20,
                "max": 39
              },
              "treasure": true
            }
          ]
        },
        {
          "type": "minecraft:item",
          "weight": 3,
          "name": "minecraft:diamond_shovel",
          "functions": [
            {
              "function": "minecraft:enchant_with_levels",
              "levels": {
                "type": "minecraft:uniform",
                "min": 20,
                "max": 39
              },
              "treasure": true
            }
          ]
        },
        {
          "type": "minecraft:item",
          "weight": 3,
          "name": "minecraft:iron_sword",
          "functions": [
            {
              "function": "minecraft:enchant_with_levels",
              "levels": {
                "type": "minecraft:uniform",
                "min": 20,
                "max": 39
              },
              "treasure": true
            }
          ]
        },
        {
          "type": "minecraft:item",
          "weight": 3,
          "name": "minecraft:iron_boots",
          "functions": [
            {
              "function": "minecraft:enchant_with_levels",
              "levels": {
                "type": "minecraft:uniform",
                "min": 20,
                "max": 39
              },
              "treasure": true
            }
          ]
        },
        {
          "type": "minecraft:item",
          "weight": 3,
          "name": "minecraft:iron_chestplate",
          "functions": [
            {
              "function": "minecraft:enchant_with_levels",
              "levels": {
                "type": "minecraft:uniform",
                "min": 20,
                "max": 39
              },
              "treasure": true
            }
          ]
        },
        {
          "type": "minecraft:item",
          "weight": 3,
          "name": "minecraft:iron_leggings",
          "functions": [
            {
              "function": "minecraft:enchant_with_levels",
              "levels": {
                "type": "minecraft:uniform",
                "min": 20,
                "max": 39
              },
              "treasure": true
            }
          ]
        },
        {
          "type": "minecraft:item",
          "weight": 3,
          "name": "minecraft:iron_helmet",
          "functions": [
            {
              "function": "minecraft:enchant_with_levels",
              "levels": {
                "type": "minecraft:uniform",
                "min": 20,
                "max": 39
              },
              "treasure": true
            }
          ]
        },
        {
          "type": "minecraft:item",
          "weight": 3,
          "name": "minecraft:iron_pickaxe",
          "functions": [
            {
              "function": "minecraft:enchant_with_levels",
              "levels": {
                "type": "minecraft:uniform",
                "min": 20,
                "max": 39
              },
              "treasure": true
            }
          ]
        },
        {
          "type": "minecraft:item",
          "weight": 3,
          "name": "minecraft:iron_shovel",
          "functions": [
            {
              "function": "minecraft:enchant_with_levels",
              "levels": {
                "type": "minecraft:uniform",
                "min": 20,
                "max": 39
              },
              "treasure": true
            }
          ]
        }
      ]
    },
    {
      "rolls": 1,
      "bonus_rolls": 1,
      "entries": [
        {
          "type": "minecraft:item",
          "name": "minecraft:chorus_fruit",
          "functions": [
            {
              "function": "minecraft:set_enchantments",
              "enchantments": {
                "minecraft:power": 10
              }
            },
            {
              "function": "minecraft:set_name",
              "name": {
                "text":"Enchanted Chorus Fruit",
                "color":"#FF55FF",
                "italic":false
              }
            },
            {
              "function": "minecraft:set_nbt",
              "tag": "{HideFlags:3}",
              "conditions": [
                {
                  "condition": "minecraft:value_check",
                  "value": {
                    "type": "minecraft:score",
                    "target": {
                      "type": "minecraft:fixed",
                      "name": "eq_ShowDesc"
                     },
                    "score": "epic_settings"
                  },
                  "range": 0
                }
              ]
            },
            {
              "function": "minecraft:set_lore",
              "lore": [
                {
                  "text": "",
                  "italic": false
                },
                {
                  "text": "When Consumed:",
                  "color": "dark_purple",
                  "bold": false,
                  "italic": false
                },
                {
                  "text": "Teleports You to the nearest Enderman",
                  "color": "blue",
                  "bold": false,
                  "italic": false
                }
              ],
              "conditions": [
                {
                  "condition": "minecraft:value_check",
                  "value": {
                    "type": "minecraft:score",
                    "target": {
                      "type": "minecraft:fixed",
                      "name": "eq_ShowDesc"
                     },
                    "score": "epic_settings"
                  },
                  "range": 1
                }
              ]
            }
          ],
          "conditions": [
            {
              "condition": "minecraft:random_chance",
              "chance": 0.1
            },
            {
              "condition": "minecraft:value_check",
              "value": {
                "type": "minecraft:score",
                "target": {
                  "type": "minecraft:fixed",
                  "name": "eq_Notchfruit"
                },
                "score": "epic_settings"
              },
              "range": 2
            }
          ]
        }
      ]
    }
  ]
}
