{
  "type": "minecraft:chest",
  "pools": [
    {
      "rolls": {
        "type": "minecraft:uniform",
        "min": 2,
        "max": 8
      },
      "bonus_rolls": 0,
      "entries": [
        {
          "type": "minecraft:item",
          "weight": 15,
          "name": "minecraft:apple",
          "functions": [
            {
              "function": "minecraft:set_count",
              "count": {
                "type": "minecraft:uniform",
                "min": 1,
                "max": 3
              },
              "add": false
            }
          ]
        },
        {
          "type": "minecraft:item",
          "weight": 15,
          "name": "minecraft:coal",
          "functions": [
            {
              "function": "minecraft:set_count",
              "count": {
                "type": "minecraft:uniform",
                "min": 1,
                "max": 4
              },
              "add": false
            }
          ]
        },
        {
          "type": "minecraft:item",
          "weight": 10,
          "name": "minecraft:gold_nugget",
          "functions": [
            {
              "function": "minecraft:set_count",
              "count": {
                "type": "minecraft:uniform",
                "min": 1,
                "max": 3
              },
              "add": false
            }
          ]
        },
        {
          "type": "minecraft:item",
          "weight": 2,
          "name": "minecraft:stone_axe"
        },
        {
          "type": "minecraft:item",
          "weight": 10,
          "name": "minecraft:rotten_flesh"
        },
        {
          "type": "minecraft:item",
          "name": "minecraft:emerald"
        },
        {
          "type": "minecraft:item",
          "weight": 10,
          "name": "minecraft:wheat",
          "functions": [
            {
              "function": "minecraft:set_count",
              "count": {
                "type": "minecraft:uniform",
                "min": 2,
                "max": 3
              },
              "add": false
            }
          ]
        }
      ]
    },
    {
      "rolls": 1,
      "bonus_rolls": 0,
      "entries": [
        {
          "type": "minecraft:item",
          "name": "minecraft:golden_apple"
        }
      ]
    },
    {
      "rolls": 1,
      "entries": [
        {
          "type": "minecraft:item",
          "name": "minecraft:fishing_rod",
          "functions": [
            {
              "function": "minecraft:set_name",
              "name": {
                "text":"Freeze Rod",
                "color":"#FF55FF",
                "italic":false
              }
            },
            {
              "function": "minecraft:set_enchantments",
              "enchantments": {
                "minecraft:loyalty": 10,
                "minecraft:unbreaking": {
                  "min": 1,
                  "max": 10
                }
              }
            },
            {
              "function": "minecraft:set_damage",
              "damage": {
                "min": 0.7,
                "max": 0.95
              }
            },
            {
              "function": "minecraft:set_nbt",
              "tag": "{RepairCost:30}"
            },
            {
              "function": "minecraft:set_nbt",
              "tag": "{HideFlags:3}",
              "conditions": [
                {
                  "condition": "minecraft:value_check",
                  "value": {
                    "type": "minecraft:score",
                    "target": {
                      "type": "minecraft:fixed",
                      "name": "eq_ShowDesc"
                     },
                    "score": "epic_settings"
                  },
                  "range": 0
                }
              ]
            },
            {
              "function": "minecraft:set_lore",
              "lore": [
                {
                  "text": "",
                  "italic": false
                },
                {
                  "text": "When in Main Hand:",
                  "color": "gray",
                  "bold": false,
                  "italic": false
                },
                {
                  "text": "Freezes the Caught Mob",
                  "color": "blue",
                  "bold": false,
                  "italic": false
                }
              ],
              "conditions": [
                {
                  "condition": "minecraft:value_check",
                  "value": {
                    "type": "minecraft:score",
                    "target": {
                      "type": "minecraft:fixed",
                      "name": "eq_ShowDesc"
                     },
                    "score": "epic_settings"
                  },
                  "range": 1
                }
              ]
            }
          ],
          "conditions": [
            {
              "condition": "minecraft:random_chance",
              "chance": 0.1
            },
            {
              "condition": "minecraft:entity_properties",
              "entity": "this",
              "predicate": {
                "nbt": "{seenCredits:1b}"
              }
            },
            {
              "condition": "minecraft:value_check",
              "value": {
                "type": "minecraft:score",
                "target": {
                  "type": "minecraft:fixed",
                  "name": "eq_Icerod"
                },
                "score": "epic_settings"
              },
              "range": 2
            },
            {
              "condition": "minecraft:value_check",
              "value": {
                "type": "minecraft:score",
                "target": {
                  "type": "minecraft:fixed",
                  "name": "eq_CredCheck"
                },
                "score": "epic_settings"
              },
              "range": 1
            }
          ]
        }
      ]
    },
    {
      "rolls": 1,
      "entries": [
        {
          "type": "minecraft:item",
          "name": "minecraft:fishing_rod",
          "functions": [
            {
              "function": "minecraft:set_name",
              "name": {
                "text":"Freeze Rod",
                "color":"#FF55FF",
                "italic":false
              }
            },
            {
              "function": "minecraft:set_enchantments",
              "enchantments": {
                "minecraft:loyalty": 10,
                "minecraft:unbreaking": {
                  "min": 1,
                  "max": 10
                }
              }
            },
            {
              "function": "minecraft:set_damage",
              "damage": {
                "min": 0.7,
                "max": 0.95
              }
            },
            {
              "function": "minecraft:set_nbt",
              "tag": "{RepairCost:30}"
            },
            {
              "function": "minecraft:set_nbt",
              "tag": "{HideFlags:3}",
              "conditions": [
                {
                  "condition": "minecraft:value_check",
                  "value": {
                    "type": "minecraft:score",
                    "target": {
                      "type": "minecraft:fixed",
                      "name": "eq_ShowDesc"
                     },
                    "score": "epic_settings"
                  },
                  "range": 0
                }
              ]
            },
            {
              "function": "minecraft:set_lore",
              "lore": [
                {
                  "text": "",
                  "italic": false
                },
                {
                  "text": "When in Main Hand:",
                  "color": "gray",
                  "bold": false,
                  "italic": false
                },
                {
                  "text": "Freezes the Caught Mob",
                  "color": "blue",
                  "bold": false,
                  "italic": false
                }
              ],
              "conditions": [
                {
                  "condition": "minecraft:value_check",
                  "value": {
                    "type": "minecraft:score",
                    "target": {
                      "type": "minecraft:fixed",
                      "name": "eq_ShowDesc"
                     },
                    "score": "epic_settings"
                  },
                  "range": 1
                }
              ]
            }
          ],
          "conditions": [
            {
              "condition": "minecraft:random_chance",
              "chance": 0.1
            },
            {
              "condition": "minecraft:value_check",
              "value": {
                "type": "minecraft:score",
                "target": {
                  "type": "minecraft:fixed",
                  "name": "eq_Icerod"
                },
                "score": "epic_settings"
              },
              "range": 2
            },
            {
              "condition": "minecraft:value_check",
              "value": {
                "type": "minecraft:score",
                "target": {
                  "type": "minecraft:fixed",
                  "name": "eq_CredCheck"
                },
                "score": "epic_settings"
              },
              "range": 0
            }
          ]
        }
      ]
    }
  ]
}
