{
    "replace": false,
    "values": [
      "minecraft:axolotl",
      "minecraft:bat",
      "minecraft:cat",
      "minecraft:chicken",
      "minecraft:cod",
      "minecraft:cow",
      "minecraft:donkey",
      "minecraft:fox",
      "minecraft:glow_squid",
      "minecraft:horse",
      "minecraft:mooshroom",
      "minecraft:mule",
      "minecraft:ocelot",
      "minecraft:parrot",
      "minecraft:pig",
      "minecraft:pufferfish",
      "minecraft:rabbit",
      "minecraft:salmon",
      "minecraft:sheep",
      "minecraft:skeleton_horse",
      "minecraft:snow_golem",
      "minecraft:squid",
      "minecraft:strider",
      "minecraft:tropical_fish",
      "minecraft:turtle",
      "minecraft:villager",
      "minecraft:wandering_trader",
      "minecraft:bee",
      "minecraft:cave_spider",
      "minecraft:dolphin",
      "minecraft:enderman",
      "minecraft:goat",
      "minecraft:iron_golem",
      "minecraft:llama",
      "minecraft:panda",
      "minecraft:piglin",
      "minecraft:polar_bear",
      "minecraft:spider",
      "minecraft:trader_llama",
      "minecraft:wolf",
      "minecraft:zombified_piglin",
      "minecraft:blaze",
      "minecraft:creeper",
      "minecraft:drowned",
      "minecraft:elder_guardian",
      "minecraft:endermite",
      "minecraft:evoker",
      "minecraft:ghast",
      "minecraft:guardian",
      "minecraft:hoglin",
      "minecraft:husk",
      "minecraft:magma_cube",
      "minecraft:phantom",
      "minecraft:piglin_brute",
      "minecraft:pillager",
      "minecraft:ravager",
      "minecraft:silverfish",
      "minecraft:skeleton",
      "minecraft:slime",
      "minecraft:stray",
      "minecraft:vex",
      "minecraft:vindicator",
      "minecraft:witch",
      "minecraft:wither_skeleton",
      "minecraft:zoglin",
      "minecraft:zombie",
      "minecraft:zombie_villager",
      {
        "id":"minecraft:warden",
        "required": false
      },
      {
        "id":"minecraft:allay",
        "required": false
      },
      {
        "id":"minecraft:frog",
        "required": false
      },
      {
        "id":"minecraft:tadpole",
        "required": false
      },
      "minecraft:player"
    ]
  }